{
  "months": [
    {
      "month": "2026-04",
      "kpis": {
        "sessions": 32692,
        "orders": 146,
        "sales": 2802028,
        "cvr": 0.004465924385170684,
        "aov": 19191.972602739726
      },
      "prev": {
        "sessions": 41753,
        "orders": 181,
        "sales": 3876729
      },
      "yoy": {
        "sessions": 30845,
        "orders": 218,
        "sales": 4422193
      },
      "narrative": {
        "lines": [
          "📉 売上 ¥2,802,028（前月比 -28%）",
          "⚠️ 前年同月比 -37%（前年 ¥4,422,193）",
          "   注文 146 件・CVR 0.45%・AOV ¥19,192"
        ]
      },
      "captured_at": "2026-05-15 16:30"
    }
  ]
}